rank,source_iso,source_country,source_continent,target_iso,target_country,target_continent,adamic_adar_score,sdg2_food_security_rationale
1,AUS,Australia,Oceania,CAN,Canada,North America,14.4401,"Establishes a critical inter-continental grain bridge connecting AUS (Oceania) to CAN (North America), bolstering resilience against regional harvest shocks."
2,LVA,Latvia,Europe,POL,Poland,Europe,13.6895,"Strengthens intra-regional South-South trade integration between LVA and POL (Europe), lowering maritime transit costs and supply chain friction."
3,FRA,France,Europe,POL,Poland,Europe,10.6565,"Strengthens intra-regional South-South trade integration between FRA and POL (Europe), lowering maritime transit costs and supply chain friction."
4,AUS,Australia,Oceania,USA,USA,North America,10.3533,"Establishes a critical inter-continental grain bridge connecting AUS (Oceania) to USA (North America), bolstering resilience against regional harvest shocks."
5,AUS,Australia,Oceania,IND,India,Asia,10.023,"Establishes a critical inter-continental grain bridge connecting AUS (Oceania) to IND (Asia), bolstering resilience against regional harvest shocks."
6,IND,India,Asia,USA,USA,North America,9.7571,"Establishes a critical inter-continental grain bridge connecting IND (Asia) to USA (North America), bolstering resilience against regional harvest shocks."
7,CAN,Canada,North America,POL,Poland,Europe,9.0175,"Establishes a critical inter-continental grain bridge connecting CAN (North America) to POL (Europe), bolstering resilience against regional harvest shocks."
8,DEU,Germany,Europe,RUS,Russian Federation,Europe,8.5815,"Strengthens intra-regional South-South trade integration between DEU and RUS (Europe), lowering maritime transit costs and supply chain friction."
9,FRA,France,Europe,RUS,Russian Federation,Europe,8.2303,"Strengthens intra-regional South-South trade integration between FRA and RUS (Europe), lowering maritime transit costs and supply chain friction."
10,CAN,Canada,North America,IND,India,Asia,8.0199,"Establishes a critical inter-continental grain bridge connecting CAN (North America) to IND (Asia), bolstering resilience against regional harvest shocks."
11,ARG,Argentina,South America,CAN,Canada,North America,7.9479,"Establishes a critical inter-continental grain bridge connecting ARG (South America) to CAN (North America), bolstering resilience against regional harvest shocks."
12,ARG,Argentina,South America,RUS,Russian Federation,Europe,7.9064,"Establishes a critical inter-continental grain bridge connecting ARG (South America) to RUS (Europe), bolstering resilience against regional harvest shocks."
13,EST,Estonia,Europe,POL,Poland,Europe,7.8675,"Strengthens intra-regional South-South trade integration between EST and POL (Europe), lowering maritime transit costs and supply chain friction."
14,AUS,Australia,Oceania,ROU,Romania,Europe,7.7345,"Establishes a critical inter-continental grain bridge connecting AUS (Oceania) to ROU (Europe), bolstering resilience against regional harvest shocks."
15,POL,Poland,Europe,USA,USA,North America,7.5988,"Establishes a critical inter-continental grain bridge connecting POL (Europe) to USA (North America), bolstering resilience against regional harvest shocks."
16,UKR,Ukraine,Europe,USA,USA,North America,7.3817,"Establishes a critical inter-continental grain bridge connecting UKR (Europe) to USA (North America), bolstering resilience against regional harvest shocks."
17,CAN,Canada,North America,DEU,Germany,Europe,7.368,"Establishes a critical inter-continental grain bridge connecting CAN (North America) to DEU (Europe), bolstering resilience against regional harvest shocks."
18,RUS,Russian Federation,Europe,UKR,Ukraine,Europe,7.3114,"Strengthens intra-regional South-South trade integration between RUS and UKR (Europe), lowering maritime transit costs and supply chain friction."
19,RUS,Russian Federation,Europe,USA,USA,North America,7.2338,"Establishes a critical inter-continental grain bridge connecting RUS (Europe) to USA (North America), bolstering resilience against regional harvest shocks."
20,CAN,Canada,North America,RUS,Russian Federation,Europe,7.0788,"Establishes a critical inter-continental grain bridge connecting CAN (North America) to RUS (Europe), bolstering resilience against regional harvest shocks."
