source_iso,target_iso,trade_value_k_usd,weight
AFG,IND,11926.694,4.076556488944592
AFG,KAZ,193795.606,5.287346166892359
AGO,BRA,33512.936,4.525225435973103
AGO,DEU,13371.549,4.1262141979217475
AGO,EST,11196.5,4.049121071116725
AGO,FRA,61112.105,4.786134349668267
AGO,LTU,7185.552,3.8565205723658345
AGO,LVA,38846.273,4.589360537612618
AGO,POL,42839.736,4.631856923364135
ALB,HRV,617.347,2.7912322580869184
ALB,ROU,2307.484,3.36332686882184
ALB,SRB,18841.75,4.275144286072006
ARE,AUS,49416.633,4.693881939777975
ARE,AUT,4307.12,3.634287791796789
ARE,BGR,12479.864,4.096244650846743
ARE,CAN,61956.640999999996,4.792094873900174
ARE,GBR,578.959,2.7633972923506263
ARE,IND,221665.715,5.345700485279221
ARE,IRN,170461.319,5.2316283923668925
ARE,ISR,121532.0,5.084694218444392
ARE,LKA,25432.908,4.405413096016715
ARE,MDA,2023.796,3.306381274198971
ARE,OMN,28867.688,4.460427046876639
ARE,ROU,58021.211,4.763594274049617
ARE,RUS,69208.42599999999,4.840165247361456
ARE,THA,729.316,2.863510815410165
ARE,UKR,10591.422,4.024995274646659
ARE,USA,13379.97,4.1264875970176105
ARG,BDI,10933.719,4.038807627033697
ARG,BFA,12436.592,4.094736306211636
ARG,BOL,3858.369,3.586516304096788
ARG,BRA,1776871.072,6.2496561613875015
ARG,CHL,227436.811,5.356862666787927
ARG,CMR,67975.822,4.832360856920684
ARG,COL,106969.826,5.029265349322517
ARG,CUB,65426.651,4.8157613284284135
ARG,ETH,110030.996,5.041518991210014
ARG,IDN,520202.102,5.7161729375897
ARG,KEN,206935.5,5.31583709941644
ARG,MAR,327172.168,5.514777679267728
ARG,MEX,31529.463,4.498730348066927
ARG,MYS,21390.951,4.330250395132289
ARG,NGA,5770.725,3.761305630490118
ARG,OMN,11283.971,4.052500447369814
ARG,PER,283506.135,5.452563993218822
ARG,SEN,11331.24,4.05431576365743
ARG,SWZ,5571.292,3.7460338663064836
ARG,TUR,22519.543,4.352578857718415
ARG,TZA,96830.448,4.986016426263133
ARG,UGA,85444.455,4.931688966753465
ARG,URY,975.723,2.9897714146620302
ARG,USA,2077.045,3.3176549479565196
ARG,VNM,84669.88,4.9277340734973905
ARG,ZAF,92882.198,4.967937159894204
ARM,GEO,1760.188,3.2458057176962223
ARM,RUS,99937.01,4.9997306973716915
AUS,BDI,3590.602,3.555288204726752
AUS,BGD,105169.968,5.021895871210388
AUS,BHR,61850.502,4.791350250487231
AUS,CHN,1900182.598,6.278795565029719
AUS,EGY,58787.202,4.769290177769973
AUS,ESP,2138.759,3.3303648617304527
AUS,FJI,77575.31,4.889729118074671
AUS,GBR,4048.51,3.607402475765158
AUS,IDN,1684412.904,6.226448817648224
AUS,IRN,29309.913,4.467029346404539
AUS,IRQ,84863.799,4.928727586943779
AUS,ITA,32708.334,4.514671701475347
AUS,JOR,23534.138,4.371716749167487
AUS,JPN,515433.005,5.7121730670994255
AUS,KEN,135236.907,5.131098440817596
AUS,KOR,647869.68,5.811488325982773
AUS,KWT,115777.885,5.063629362809995
AUS,LKA,15655.026,4.194681533884434
AUS,MMR,70753.702,4.849755306172302
AUS,MOZ,55942.733,4.747751442500462
AUS,MUS,27957.063,4.446507079178368
AUS,MYS,321404.741,5.5070536299330906
AUS,NCL,9690.726,3.9864011274660736
AUS,NGA,28302.683,4.451842951513863
AUS,NZL,138316.939,5.140878509129402
AUS,OMN,89981.246,4.954156829163319
AUS,PAK,16239.424,4.210597363480068
AUS,PHL,1073442.923,6.030779361704006
AUS,PNG,95928.435,4.981951886593346
AUS,PYF,613.562,2.7885657031697577
AUS,QAT,14442.048,4.15965885458361
AUS,RWA,22105.796,4.344525803621199
AUS,S19,156202.153,5.1936897959733
AUS,SDN,202419.744,5.306255016779902
AUS,SGP,36873.066,4.566721028682944
AUS,SLB,4812.99,3.6825051837891714
AUS,SWZ,11979.704,4.078482338448298
AUS,THA,232099.239,5.365675587661121
AUS,TZA,56073.814,4.748767841703822
AUS,UGA,40413.04,4.606532266973382
AUS,VNM,1046197.331,6.019614022862065
AUS,YEM,333306.056,5.5228445076282116
AUS,ZAF,192613.954,5.284690001311736
AUT,BEL,571.306,2.7576282990330303
AUT,BGR,8151.799,3.9113067353122655
AUT,BIH,1085.806,3.0361520273900364
AUT,BRA,2606.481,3.416221152525138
AUT,CHE,29966.001,4.476643282340991
AUT,CZE,82342.54800000001,4.915629575846126
AUT,DEU,33547.407,4.525671903117985
AUT,FRA,1689.69,3.228063983924509
AUT,GRC,1286.123,3.109620050920562
AUT,HRV,12168.964,4.085289293544406
AUT,HUN,182845.40399999998,5.262086423584023
AUT,ITA,160206.919,5.204683979245113
AUT,MKD,514.707,2.712403026385852
AUT,MLT,1555.948,3.192274107950149
AUT,NLD,5825.977,3.765443303864511
AUT,ROU,10110.641,4.004821642179737
AUT,SRB,5258.511,3.7209453677518693
AUT,SVK,31580.266,4.499429535608744
AUT,SVN,4123.642,3.615386259753413
AUT,UKR,716.281,2.8556893269954218
AZE,KAZ,94370.956,4.974842956544812
AZE,RUS,337491.944,5.528264697422162
BDI,CAN,1244.806,3.0954504181745137
BDI,POL,5924.066,3.7726931923658817
BDI,RUS,4276.722,3.6312125572834284
BEL,DEU,198960.171,5.298768328340196
BEL,EST,11449.812,4.058836284458924
BEL,FRA,682465.892,5.834081587624191
BEL,GBR,9493.19,3.9774579186743035
BEL,GRC,535.403,2.7294911981128243
BEL,ITA,1063.637,3.027201555408595
BEL,LTU,2248.086,3.3520060621992416
BEL,LUX,552.129,2.7428264286912047
BEL,NLD,145095.212,5.1616560745399305
BEL,POL,7535.024,3.877142272886064
BEL,USA,3277.783,3.5157126746684155
BEN,LBN,4712.003,3.6732977162041576
BEN,LTU,4837.57,3.6847170284064155
BEN,LVA,10727.609,4.030543417885368
BEN,POL,7191.262,3.8568654995096203
BEN,RUS,8991.697,3.9538899605384557
BFA,FRA,68134.551,4.83337377233091
BFA,RUS,4614.864,3.6642530044545096
BGD,BGR,57608.186,4.760491738823024
BGD,CAN,396797.063,5.598569543445688
BGD,IND,733704.783,5.865521942156539
BGD,ROU,8622.961,3.9357067838441604
BGR,CYP,4516.851,3.654931903666047
BGR,DZA,476362.998,5.677938931524508
BGR,EGY,83123.107,4.919726992722523
BGR,ESP,98863.606,4.99504083992797
BGR,GRC,107061.68,5.029638110471323
BGR,IDN,66980.871,4.8259572744912
BGR,ISR,28766.351,4.458899872350892
BGR,ITA,39292.791,4.5943239308468495
BGR,KOR,46026.45,4.663016914898197
BGR,LBN,33837.762,4.529414465879881
BGR,LBY,8970.62,3.9528708704171605
BGR,PAK,55892.338,4.747360046844243
BGR,PRT,7835.868,3.8941425318062786
BGR,ROU,82281.59999999999,4.915308006258137
BGR,SVK,841.117,2.925372434640256
BGR,TUN,166218.834,5.220682844254456
BGR,TUR,31835.975,4.502931796401733
BGR,UKR,6187.444,3.7915814653105335
BHS,USA,957.132,2.9814253451145816
BIH,HRV,26670.131999999998,4.426041448795255
BIH,HUN,46471.552,4.667196522039576
BIH,SRB,30114.043,4.478783487617819
BLZ,USA,7484.034,3.8741937774217363
BRA,CAF,2548.002,3.406370176225887
BRA,CAN,13422.455,4.1278643112366025
BRA,ECU,28557.661,4.455737841271377
BRA,EGY,15292.257,4.1844999868181
BRA,IDN,192618.808,5.2847009456273755
BRA,ISR,15743.615,4.197132045384134
BRA,MAR,101948.899,5.008386799866347
BRA,MOZ,3269.745,3.5146466861580503
BRA,NLD,10254.909,4.010974158725719
BRA,PAK,32918.896,4.517458454526336
BRA,PRY,106305.234,5.02655873312551
BRA,RUS,116322.576,5.065667744728816
BRA,SAU,195867.825,5.291965318037217
BRA,SDN,69781.866,4.843748802062866
BRA,TUR,38922.491,4.590211784680712
BRA,URY,24641.404,4.3916830733384415
BRA,USA,124349.794,5.094648562655554
BRA,VEN,17367.898,4.239772264750996
BRA,VNM,115576.184,5.062872108817338
BRA,ZAF,102046.911,5.008804118797718
BRB,USA,784.941,2.8953899451028025
BTN,IND,701.997,2.846953471696601
BWA,ZAF,28536.877,4.4554216617891615
CAN,CHE,1371.042,3.137367405896284
CAN,CHL,111147.004,5.045901668028538
CAN,CHN,813213.244,5.9102049769955425
CAN,CIV,4588.435,3.6617592233399505
CAN,CMR,21183.016,4.326008295776463
CAN,COL,436807.606,5.640291186247717
CAN,CRI,57617.308,4.760560500784855
CAN,DOM,102650.762,5.011366408361356
CAN,ECU,225365.91,5.35289015013348
CAN,ESP,66840.529,4.825046375821412
CAN,FRA,605.554,2.7828694710856245
CAN,GAB,2042.117,3.310293237410449
CAN,GBR,236806.969,5.3743963130614105
CAN,GHA,123393.066,5.091294275050377
CAN,GTM,59625.241,4.775437431106339
CAN,GUY,7080.636,3.850133600019646
CAN,HTI,37544.17,4.574554075101373
CAN,IDN,572256.486,5.7575914826174
CAN,IRQ,21524.921,4.332961742084387
CAN,ISR,19280.427,4.285139172476148
CAN,ITA,99711.925,4.998751456128725
CAN,JAM,7588.714,3.880225410867544
CAN,JPN,720803.238,5.857817331431888
CAN,KEN,20352.469,4.308638440055707
CAN,KOR,115120.593,5.061156790538721
CAN,KWT,29308.296,4.467005386947915
CAN,LCA,1035.846,3.015714256565683
CAN,LKA,10099.041,4.004323136756664
CAN,MAR,12394.049,4.093248247956406
CAN,MEX,194072.991,5.2879673369234546
CAN,MMR,1001.907,3.001260662572341
CAN,MOZ,33320.982,4.522730825449731
CAN,MYS,90303.755,4.955710618706555
CAN,NGA,180264.754,5.255913229431925
CAN,NIC,5178.529,3.7142902690114137
CAN,PER,398931.87,5.600899821397582
CAN,PHL,119433.623,5.077130243025791
CAN,PRT,13761.84,4.138708061011592
CAN,RWA,1480.709,3.1707629188230793
CAN,S19,2212.737,3.34512602384473
CAN,SDN,17747.89,4.249171197844712
CAN,SEN,4251.644,3.6286590283037876
CAN,SGP,9162.259,3.9620499620949854
CAN,SLV,11444.295,4.058626991001042
CAN,TGO,17549.539,4.2442904587580355
CAN,THA,86577.573,4.937410423434484
CAN,TZA,13243.3,4.122029009505956
CAN,UGA,1736.598,3.2399493080299178
CAN,USA,457910.645,5.660781688067848
CAN,VEN,95708.513,4.980955106408799
CAN,VNM,7881.742,3.896677312455316
CHE,CZE,10586.836,4.024807205688751
CHE,DEU,56237.591,4.75003443134693
CHE,FRA,92819.117,4.967642111512685
CHE,HUN,4263.758,3.629894392538372
CHE,ISR,144347.0,5.159410770932492
CHE,ITA,961.792,2.983532472992388
CHE,KAZ,777.598,2.891313283802796
CHE,ROU,3748.694,3.5739958278520287
CHE,SVK,3872.909,3.5881494147150406
CHE,TUR,1060.418,3.025886448315403
CHE,UKR,5906.561,3.771408214743953
CHE,USA,1039.366,3.017186150661797
CHL,NLD,11762.714,4.07054445737433
CHL,PRY,2027.746,3.3072276765535045
CHL,URY,15361.688,4.186467210580468
CHL,USA,115418.442,5.062278970363333
CHN,COL,2774.85,3.4433959942279295
CHN,ERI,682.427,2.834692132378139
CHN,ETH,1063.423,3.027114250194613
CHN,FRA,523040.111,5.718535825729138
CHN,ISR,4761.0,3.677789391068861
CHN,KAZ,13189.003,4.120244894324477
CHN,RUS,2743.89,3.4385249450155375
CHN,USA,340988.224,5.532740654560578
CIV,FRA,132721.914,5.122945908280224
CIV,LTU,26019.388,4.415313768205684
CIV,POL,16966.876,4.22962748172771
CIV,ROU,2591.609,3.4137370243102225
CIV,USA,1598.72,3.2040439744706815
CMR,DEU,10480.858,4.020438271925041
CMR,EST,24050.926,4.381149858991809
CMR,FRA,120773.384,5.081974831080245
CMR,LVA,3508.143,3.545201066375994
CMR,POL,46770.537,4.669981641870248
CMR,RUS,59542.359,4.774833330714077
CMR,UKR,7297.73,3.8632472982060415
CMR,URY,9408.906,3.9735852850760134
CMR,USA,24431.404,4.387966201012284
COD,DEU,28299.219,4.45178979630604
COD,FRA,11396.21,4.056798550468028
COD,LVA,18476.383,4.266640460978161
COD,POL,2181.366,3.338927586972258
COG,EST,7302.531,3.863532876978089
COG,FRA,19920.638,4.299325044183824
COG,LTU,10774.987,4.032457058788457
COG,LVA,3677.546,3.5656761912392647
COG,POL,24148.785,4.382913268680523
COL,FRA,11494.212,4.060516985138238
COL,NLD,4743.584,3.676198139961507
COL,UKR,1224.868,3.088443708389619
COL,USA,278388.069,5.44465217861747
CPV,POL,3016.469,3.479642817063307
CRI,USA,33939.749,4.530721422041107
CUB,DEU,27861.23,4.445015872961483
CUB,FRA,73682.89,4.867372545540304
CUB,RUS,3672.229,3.565048004396527
CYP,ESP,1532.502,3.185684346727632
CYP,FRA,1259.414,3.1005132184379978
CYP,GRC,7763.811,3.890130889213833
CYP,ROU,952.918,2.979511043804614
CYP,RUS,4230.186,3.6264621170349387
CYP,TUR,1369.6,3.136910727481376
CYP,UKR,1666.658,3.2221069911807625
CZE,DEU,411893.45,5.614785940170515
CZE,HUN,834.015,2.9216942771108076
CZE,ISR,753.0,2.877371345869774
CZE,ITA,13865.795,4.141976095200393
CZE,KEN,12360.315,4.092064673573661
CZE,MAR,13399.276,4.127113743442613
CZE,NLD,12335.714,4.091199496673696
CZE,POL,41979.383,4.623046396467148
CZE,SVK,12102.829000000002,4.082922779449945
CZE,UGA,2406.927,3.3816433164820725
CZE,UKR,949.579,2.9779882157184074
DEU,DNK,35187.271,4.546397928000102
DEU,DZA,97265.379,4.987962748407709
DEU,EGY,53961.629,4.7320930998653195
DEU,ESP,38208.138,4.5821672400944236
DEU,EST,548.3,2.739809599021359
DEU,FRA,152127.38,5.182210240533382
DEU,GBR,116213.268,5.065259451060071
DEU,GHA,6575.063,3.8179659651800018
DEU,GIN,116280.449,5.065510434938632
DEU,GMB,6341.566,3.8022649951348675
DEU,GRC,3598.745,3.556271737151928
DEU,HRV,708.953,2.8512295986961425
DEU,HUN,45498.818,4.65800965947571
DEU,IRN,427866.217,5.631309012304403
DEU,ISL,4827.408,3.6838039608167876
DEU,ISR,17525.548,4.2436963865912105
DEU,ITA,72869.904,4.862554157198409
DEU,KEN,14933.931,4.174203220486282
DEU,KOR,1061.8,3.0264515457382397
DEU,LTU,16630.521,4.220931968504
DEU,LUX,10878.124,4.036593926861926
DEU,LVA,6030.328,3.780412947226818
DEU,MAR,144557.723,5.16004430310778
DEU,MLI,4839.509,3.6848910319478008
DEU,MRT,56756.576,4.754023839352318
DEU,NGA,83280.065,4.920546270304904
DEU,NLD,339413.42699999997,5.530730298303778
DEU,NOR,24064.696,4.38139842635364
DEU,OMN,42402.816999999995,4.627404951579189
DEU,POL,341241.321,5.533062887199437
DEU,PRT,15483.025,4.18988386384514
DEU,ROU,38482.588,4.585275556503964
DEU,RWA,3002.88,3.477682579337865
DEU,SAU,97908.121,4.990823151613713
DEU,SDN,21535.413,4.333173371012549
DEU,SEN,2294.595,3.3608952701458503
DEU,SUR,8261.531,3.91711310191623
DEU,SVK,21533.978,4.3331444324262955
DEU,SVN,1207.247,3.0821557254868432
DEU,SWE,47253.031,4.67443886186931
DEU,SWZ,2242.665,3.3509580132292665
DEU,TZA,17964.468,4.25443853504861
DEU,UGA,5349.523,3.728396235275937
DEU,UKR,14315.019,4.1558222661072985
DEU,ZAF,52260.693,4.7181834744431335
DJI,IND,29295.957,4.4668225136394515
DJI,USA,27378.168,4.437420246628541
DNK,ESP,79269.419,4.899111153751706
DNK,FRA,2622.499,3.418880902994215
DNK,GBR,95724.705,4.9810285735204545
DNK,IRL,8170.916,3.9123238938238494
DNK,ISL,1118.974,3.0492079407169714
DNK,ITA,7849.682,3.894907386168324
DNK,LTU,2784.141,3.444847186573257
DNK,LUX,4066.405,3.6093174181651113
DNK,LVA,1643.756,3.2161014793599287
DNK,NLD,13911.054,4.143391254723272
DNK,NOR,9980.17,3.9991814525860985
DNK,POL,4426.132,3.646122471158195
DNK,PRT,17026.78,4.231158030429033
DNK,RUS,4407.191,3.6442604035499366
DNK,SWE,36453.666,4.56175312355555
DOM,USA,126153.572,5.100902994515826
DZA,EST,20079.959,4.302784449432291
DZA,FRA,849093.899,5.928956231832653
DZA,GBR,11586.906,4.064004963590158
DZA,ROU,317531.559,5.501788263388818
DZA,SWE,11244.727,4.050987536417502
DZA,URY,17845.054,4.251542202774518
ECU,USA,112365.08,5.050635230342741
EGY,FRA,395142.975,5.5967553643741885
EGY,IND,20090.854,4.303020013643159
EGY,LTU,19593.349,4.292130839112703
EGY,ROU,259406.64,5.413982762653924
EGY,RUS,54438.731,4.73591597058155
EGY,USA,87407.123,4.941551794306601
ESP,FRA,383701.04199999996,5.583994110449221
ESP,GBR,107543.154,5.031586807521755
ESP,GRC,1311.806,3.1182005529330143
ESP,ITA,3153.08,3.4988727045661028
ESP,LTU,76307.978,4.882575637122362
ESP,LUX,6872.657,3.8371878567619415
ESP,LVA,112845.922,5.052489717807704
ESP,NLD,1123.247,3.050861737347221
ESP,POL,35780.297,4.553656078817548
ESP,PRT,28709.683,4.458043524074455
ESP,ROU,70721.002,4.849554546196848
ESP,RUS,35602.876,4.551497279820665
ESP,SRB,3551.186,3.550495698283006
ESP,SWE,38141.109,4.581404702913962
ESP,UKR,353054.279,5.5478427095949385
ESP,USA,6617.29,3.8207457931412074
EST,FIN,12691.831,4.103558497631036
EST,GBR,1785.861,3.252090770031723
EST,GHA,4032.454,3.6056771083447856
EST,ISR,13689.909,4.136432283822695
EST,KOR,8064.674,3.906640664626439
EST,LTU,1588.558,3.2012763791337067
EST,LVA,7808.219,3.8926076022574927
EST,MAR,9232.145,3.9653496559012917
EST,MDG,11533.552,4.062000731262291
EST,NAM,11197.524,4.049160785090043
EST,NGA,37132.52,4.569766119280512
EST,NLD,590.649,2.772064134811625
EST,SAU,20547.175,4.312773255768024
EST,SWE,1146.897,3.0599029208681596
ETH,IND,4401.118,3.6436616797579964
ETH,ROU,23710.548,4.374959907664922
ETH,RUS,27996.17,4.44711413436011
ETH,UKR,6618.481,3.8208239399424087
ETH,USA,215956.49,5.334368271172402
FIN,KAZ,722.17,2.8592404015592625
FIN,LTU,4611.046,3.6638936302459357
FIN,NGA,20852.829,4.3191858080338505
FIN,POL,9458.22,3.9758553262895284
FIN,SWE,1969.86,3.294655775275424
FRA,GAB,42585.016,4.629267012927789
FRA,GBR,105804.582,5.024508580438761
FRA,GHA,19203.827,4.283410399328127
FRA,GMB,3310.784,3.5200620036360406
FRA,GRC,16696.94,4.222662896188537
FRA,IRL,14450.36,4.159908719943936
FRA,ISR,17943.654,4.253935088897211
FRA,ITA,255581.79,5.407531606686399
FRA,JPN,3397.878,3.531335576210689
FRA,KOR,1230.191,3.0903254321445535
FRA,LUX,5806.107,3.7639598282860267
FRA,LVA,6311.474999999999,3.8001996711451658
FRA,MAR,1237904.089,6.092687348316015
FRA,MEX,11675.53,4.067313799475574
FRA,MLI,59038.183,4.7711403389734075
FRA,MLT,1093.907,3.0393772323249224
FRA,MRT,22025.22,4.342939972684274
FRA,MUS,27834.59,4.444600430996963
FRA,NGA,3636.238,3.5607717197252944
FRA,NLD,669157.5390000001,5.825529024278796
FRA,PAK,86475.168,4.936896436572831
FRA,PRT,193487.412,5.286654960284365
FRA,ROU,6420.431,3.807631820304263
FRA,SEN,99430.299,4.997523113203791
FRA,TGO,6324.673,3.801106737695706
FRA,TUN,42526.141,4.628666187095416
FRA,USA,7606.435,3.8812382503155254
FRA,YEM,122737.28,5.088980032979665
GBR,IRL,71127.026,4.852040755988679
GBR,IRN,114844.354,5.060113430763301
GBR,ISL,2726.021,3.4356884823307037
GBR,ITA,1731.681,3.2387186130935577
GBR,KAZ,1332.597,3.125024609851659
GBR,LTU,6751.187,3.8294444614528356
GBR,LVA,1883.733,3.2752498347329224
GBR,NLD,64026.63,4.806367426594254
GBR,POL,2286.524,3.359365659246852
GBR,PRT,21519.359,4.3328495119022765
GBR,ROU,16505.025,4.217642498555578
GBR,RUS,3912.258,3.592538481757722
GBR,SWE,1408.684,3.1491217705015386
GBR,TUR,2752.944,3.4399551048612618
GBR,UKR,1804.517,3.2566015819189986
GBR,USA,4589.77,3.6618855349282926
GEO,KAZ,1018.875,3.0085469461374985
GHA,LVA,16924.648,4.228545304679903
GHA,POL,5810.171,3.7642636552122615
GHA,USA,25960.125,4.414323508263381
GIN,POL,3345.195,3.524551245937893
GMB,LVA,3982.63,3.600278994304754
GMB,POL,7329.905,3.865157591591326
GRC,HUN,5613.928,3.7493441916921912
GRC,ITA,13239.083,4.121890707636084
GRC,KAZ,13474.364,4.129540505291526
GRC,MDA,14854.459,4.171886075061767
GRC,MKD,665.699,2.823929803715923
GRC,NLD,725.996,2.8615320213367452
GRC,ROU,14892.292,4.172990704428687
GRC,RUS,55320.317,4.742892510537497
GRC,SRB,1011.86,3.0055494202572985
GRC,UKR,73694.978,4.8674437866369376
GRD,USA,11782.961,4.071291296503208
GTM,SLV,789.525,2.8979156088543965
GTM,USA,120618.202,5.0814164509120605
GUY,USA,6518.972,3.814245730659588
HKG,IRN,10823.713,4.03441639055255
HKG,ISR,9938.0,3.9973426906016223
HND,USA,129668.868,5.112839068746705
HRV,HUN,24087.852,4.381816103363009
HRV,ITA,107016.95,5.029456627518305
HRV,SRB,5900.259,3.770944675781587
HRV,SVN,17357.596,4.239514595603674
HTI,POL,5076.569,3.7056558338229086
HTI,USA,45299.53,4.656103283132675
HUN,ITA,249259.963,5.396654268551198
HUN,MKD,994.122,2.997876327659089
HUN,MLT,1698.902,3.230423884857081
HUN,NLD,3182.1059999999998,3.502851101218731
HUN,POL,1786.68,3.2522897814219425
HUN,ROU,45658.188,4.659528183758355
HUN,SRB,923.805,2.966050169115532
HUN,SVK,54071.748,4.732978441166344
HUN,SVN,18756.344,4.273171343221848
HUN,UKR,48364.11,4.6845321798554345
IDN,IND,362085.078,5.558811826766713
IDN,LTU,22211.179,4.3465911646384106
IDN,MDA,11466.476,4.059467839880674
IDN,MYS,826.825,2.917938537790885
IDN,UKR,61330.748,4.787685342576554
IDN,USA,157419.263,5.197060633630995
IND,ISR,20601.866,4.31392763791327
IND,KOR,240860.566,5.381767505661348
IND,LKA,92776.127,4.967440919730862
IND,MMR,8895.233,3.949206148933254
IND,MOZ,13588.132,4.133191717243947
IND,MYS,21454.039,4.331529308310285
IND,NGA,13582.142,4.133000240889134
IND,NPL,21548.37,4.333434577999163
IND,OMN,66855.44,4.82514324737593
IND,PHL,77702.299,4.890439457759485
IND,QAT,9707.864,3.987168417612084
IND,S19,3844.993,3.5850084894541667
IND,SDN,15851.148,4.2000881183734355
IND,SOM,1070.226,3.02988110500423
IND,THA,75909.424,4.880301417197668
IND,TZA,16499.24,4.217490261178611
IND,VNM,25879.956,4.412980314417701
IND,YEM,141341.157,5.150271714727745
IRL,ROU,2530.739,3.4034189317156516
IRN,IRQ,23451.729,4.370193385246543
IRN,ITA,60026.803,4.7783524485959665
IRN,KAZ,175055.958,5.243179377374402
IRN,NLD,232482.724,5.366392553680105
IRN,RUS,761563.609,5.881706753557696
IRN,SGP,219606.976,5.341648109320327
IRN,TUR,43686.694,4.64035912162635
IRQ,LTU,19020.805,4.279251725237884
IRQ,OMN,29421.711,4.468682686001892
IRQ,TUR,74551.495,4.872462182283992
IRQ,USA,50820.0,4.706043206369784
ISL,SWE,586.104,2.7687150392807633
ISR,LVA,24061.724,4.381344789720572
ISR,NLD,121787.649,5.085606812874969
ISR,POL,63681.954,4.804023200397713
ISR,ROU,40310.612,4.605430165275528
ISR,RUS,3012.0,3.478999131673357
ISR,SGP,37320.0,4.571953271962552
ISR,SRB,3622.0,3.559068334034537
ISR,USA,2833.865,3.452532382046898
ITA,KAZ,39053.689,4.591673183784966
ITA,MDA,1787.148,3.252403461285007
ITA,NLD,3585.0339999999997,3.5546144028899636
ITA,POL,4201.266,3.623483539425449
ITA,ROU,96681.682,4.985348689332269
ITA,RUS,15093.492,4.17881850157182
ITA,SRB,90315.914,4.955769089948047
ITA,SVK,40856.089,4.611267420635319
ITA,SVN,119446.973,5.077178784287788
ITA,UKR,125081.678,5.097197170845377
ITA,USA,81212.458,4.909628002773699
JAM,USA,77860.9,4.891324997243018
JOR,ROU,339777.698,5.531196147837771
JPN,USA,1000019.834,6.000009047996984
KAZ,KGZ,1464.736,3.1660557547062065
KAZ,MLT,1780.251,3.2507251211669628
KAZ,NOR,1282.327,3.1083373315120806
KAZ,RUS,262401.888,5.4189686105647565
KAZ,TJK,307156.181,5.487360673105749
KAZ,TKM,122985.122,5.0898561075461926
KAZ,TUR,25977.063,4.414606765683395
KAZ,UZB,821969.094,5.914856016752889
KEN,LTU,58327.093,4.765877777679534
KEN,POL,29542.14,4.470456652526399
KEN,RUS,157018.818,5.195954469637704
KEN,UKR,18345.136,4.263544608610727
KEN,USA,712.162,2.8531881942481556
KGZ,RUS,65558.449,4.816635294848658
KHM,VNM,12400.958,4.093490256248222
KOR,LVA,6897.926,3.8387814865955265
KOR,ROU,11180.04,4.048482201158164
KOR,RUS,4480.632,3.6514361924643657
KOR,TUR,3305.458,3.5193630104865186
KOR,UKR,34066.777,4.532343795788862
KOR,USA,544912.74,5.736327758777571
LBN,ROU,16513.481,4.217864929684843
LBN,TUR,16936.57,4.228851103084955
LBR,LVA,2647.301,3.422967344517643
LBR,POL,4369.914,3.640572261604529
LBY,ROU,5950.0,3.7745899502647946
LCA,USA,585.5,2.768268016451548
LKA,ROU,16631.114,4.22094745307914
LSO,ZAF,29855.873,4.475044320805009
LTU,LVA,130146.864,5.114437044818472
LTU,MAR,49876.512,4.6979047817828485
LTU,MLI,1329.75,3.1240964748447926
LTU,MOZ,35831.321,4.5542749400345395
LTU,NAM,11864.817,4.074297646167031
LTU,NGA,310189.111,5.49162794819522
LTU,NLD,16003.364,4.2042384203246606
LTU,NOR,12655.647,4.102318667587521
LTU,POL,4301.064,3.63367686691618
LTU,PRT,6662.409,3.823696471078677
LTU,RUS,1758.126,3.2452969475557745
LTU,SAU,94716.86,4.976431877293854
LTU,SDN,23274.455,4.366898179537712
LTU,SEN,25124.429,4.400113485781467
LTU,SWE,23779.842,4.376227227468544
LTU,TZA,4061.827,3.6088283299451733
LTU,UGA,6285.185,3.798387157988734
LTU,UKR,7270.166,3.8616040596570755
LTU,ZAF,38630.845,4.5869454499047215
LUX,LVA,947.454,2.9770162724617766
LUX,NLD,1369.202,3.1367845970969026
LVA,MAR,27282.933,4.435906974381834
LVA,MLI,5382.447,3.731060441783675
LVA,MOZ,42182.945,4.625147192084738
LVA,NAM,7418.046,3.8703480638271834
LVA,NGA,251662.55,5.400820318527341
LVA,NLD,45191.551,4.655066856798211
LVA,NOR,15308.805,4.18496965915265
LVA,PRT,6188.441,3.7916514274404767
LVA,RUS,24616.331,4.391240965134444
LVA,SAU,131688.831,5.11955224032932
LVA,SEN,13165.425,4.119467869605811
LVA,SWZ,544.943,2.737147301903082
LVA,TGO,3929.83,3.5944842619176733
LVA,TUR,12901.482,4.110673261866684
LVA,TZA,32820.381,4.516156850576352
LVA,UKR,2702.892,3.431989340841803
LVA,ZAF,16330.66,4.21303033000305
MAR,POL,69290.662,4.840680978258975
MAR,ROU,25008.747,4.398109298405445
MAR,UKR,21192.32,4.326198995631902
MAR,USA,15653.402,4.194636482169443
MDA,MMR,1747.238,3.242600555901741
MDA,ROU,41567.344,4.618762723424006
MDA,TUR,23780.219,4.37623411232661
MDG,POL,13631.137,4.134563942009263
MEX,USA,1300624.293,6.1141521953919495
MKD,SRB,29232.073,4.465874471080806
MLI,POL,7603.632,3.881078202710351
MLI,SEN,1514.367,3.180517825427629
MLT,ROU,1413.109,3.150482886316653
MLT,RUS,1377.176,3.1393046827007707
MLT,SVN,1559.432,3.1932448478695163
MMR,SGP,10816.56,4.034129312707984
MMR,USA,22441.417,4.351069627683771
MNE,SRB,2877.091,3.4591045214188836
MOZ,POL,8097.922,3.9084272163344824
MOZ,ZAF,855.92,2.9329402791223935
MRT,POL,19009.816,4.279000758458895
MYS,SGP,1592.827,3.2024411796555587
MYS,UKR,1481.837,3.1710934140822036
MYS,USA,32236.352,4.508359361327278
NAM,POL,4333.785,3.636967561874704
NAM,ZAF,18322.414,4.263006394180455
NGA,POL,168131.205,5.225650908645787
NGA,RUS,5598.142,3.7481214817893966
NGA,USA,468329.133,5.670552101780819
NIC,USA,8871.812,3.948061279644989
NLD,NOR,977.679,2.9906402695470473
NLD,POL,6933.95,3.8410433342193433
NLD,ROU,5739.292,3.7589339848654375
NLD,RUS,1258.002,3.100026420011178
NLD,SWE,9894.476,3.99543668982097
NLD,UKR,7196.681,3.857192594885701
NOR,POL,11835.655,4.073228989524663
NOR,RUS,2583.979,3.4124570192979826
NOR,SWE,24421.072,4.387782507274419
OMN,ROU,14010.419,4.1464821204865485
OMN,RUS,88536.146,4.947125518360827
OMN,UKR,19826.999,4.297278888330022
OMN,YEM,596.502,2.776339363323121
PAK,ROU,128305.477,5.108248580415138
PAK,RUS,83095.52,4.919582836341952
PAK,UKR,110720.554,5.0442321725686865
PAN,USA,36923.19,4.567310977040487
PER,RUS,14526.516,4.162191362424897
PER,USA,101245.107,5.005378333210931
PHL,USA,918853.55,5.963246770219924
POL,PRT,30819.702,4.488842526376373
POL,ROU,1318.165,3.1202991201163655
POL,RWA,2556.576,3.407828547913119
POL,SAU,45195.988,4.655109493692681
POL,SEN,5862.503,3.768157151690216
POL,SVK,18745.776,4.272926590154386
POL,TGO,11838.391,4.07332936352358
POL,TZA,15797.502,4.198615909487568
POL,UGA,19520.566,4.290514653385963
POL,UKR,120761.499,5.081932091521322
POL,ZAF,114874.717,5.06022823506378
POL,ZWE,7068.78,3.8494058994726275
PRT,UKR,5646.076,3.7518236326383345
PRT,USA,9568.075,3.9808699584861964
QAT,ROU,29999.862,4.477133733268501
ROU,SDN,115307.616,5.061861759518928
ROU,SRB,56880.935,4.7549743617288955
ROU,TUN,77984.642,4.892014651739754
ROU,TUR,12935.14,4.111804707029641
ROU,UKR,138073.928,5.1401148254303095
ROU,YEM,52903.604,4.7234934679669385
RUS,SEN,12163.613,4.085098297020396
RUS,TUR,2376583.068,6.375953181400712
RUS,TZA,27354.668,4.437047324310775
RUS,UGA,58123.811,4.764361553738174
RUS,VNM,24611.48,4.391155376240409
RUS,ZAF,18371.361,4.264164970316954
S19,USA,379288.375,5.578970677019952
SAU,USA,899.079,2.9542806291708392
SGP,USA,23654.981,4.373940962701758
SLV,USA,29993.956,4.477048229201587
SOM,USA,17849.512,4.2516506773437746
SRB,TUR,4599.878,3.6628407173705853
SVK,UKR,14027.384,4.1470076453473705
SWZ,ZAF,1271.284,3.104584065609457
SYR,TUR,27931.675,4.446112528329356
TGO,USA,960.75,2.983062194978853
THA,UKR,5275.735,3.7223652842609702
THA,USA,232882.669,5.367139034640915
TTO,USA,44971.013,4.652942327532938
TUN,USA,21384.0,4.33010925459283
TUR,UKR,722807.11,5.8590230167562005
TUR,USA,29157.416,4.464763927699972
TZA,UGA,1810.744,3.2580968317283006
TZA,UKR,14649.713,4.165858760828738
UGA,UKR,17426.419,4.2412330728783605
UGA,USA,3554.432,3.55089237688511
UKR,VNM,42575.51,4.629170059407126
URY,VNM,2224.5,3.347427598618541
USA,VCT,8653.503,3.9372421328058658
USA,VEN,90200.864,4.9552155122265304
USA,VNM,115955.33,5.064294461546956
USA,YEM,262435.63,5.4190244522608415
USA,ZAF,4642.803,3.6668737877617033
ZAF,ZMB,10467.344,4.019877985542841
ZAF,ZWE,49825.798,4.697462979171614
